mode,alpha,num_cases,cwe_precision,cwe_recall,cwe_f1,decision_accuracy,false_positive_reduction_rate
vector,1.0,3,0.3333333333333333,0.6666666666666666,0.4444444444444444,0.3333333333333333,1.0
graph,0.0,3,0.5,0.6666666666666666,0.5555555555555555,1.0,1.0
hybrid,0.7,3,0.6666666666666666,0.6666666666666666,0.6666666666666666,1.0,1.0
